{
  "steps": [
    {
      "step": 0,
      "input": {
        "state": [
          0.5612537860870361,
          -0.10912463814020157,
          0.5867348909378052,
          0.36628225445747375,
          0.9288092255592346,
          0.039242684841156006,
          -0.04013459011912346,
          1.0
        ],
        "n_obs_steps": 2,
        "timestamp": 