{
  "steps": [
    {
      "step": 0,
      "input": {
        "state": [
          0.5368130803108215,
          -0.09925319254398346,
          0.6284021735191345,
          0.3947330415248871,
          0.9178423285484314,
          0.029314881190657616,
          -0.029865778982639313,
          1.0
        ],
        "n_obs_steps": 2,
        "timestamp": 