{
  "steps": [
    {
      "step": 0,
      "input": {
        "state": [
          0.5342962741851807,
          -0.09599559009075165,
          0.626636266708374,
          0.3932337462902069,
          0.9186835289001465,
          0.027119619771838188,
          -0.02554008923470974,
          1.0
        ],
        "n_obs_steps": 2,
        "timestamp": 