{
  "steps": [
    {
      "step": 0,
      "input": {
        "state": [
          0.5612805485725403,
          -0.1091289147734642,
          0.5866678357124329,
          0.36628735065460205,
          0.9288052320480347,
          0.039230383932590485,
          -0.04019122198224068,
          1.0
        ],
        "n_obs_steps": 2,
        "timestamp": 