{
  "steps": [
    {
      "step": 0,
      "input": {
        "state": [
          0.5334004759788513,
          -0.09850379824638367,
          0.6270161271095276,
          0.39481332898139954,
          0.9178833961486816,
          0.03045279160141945,
          -0.02617442049086094,
          1.0
        ],
        "n_obs_steps": 2,
        "timestamp": 