{
  "steps": [
    {
      "step": 0,
      "input": {
        "state": [
          0.5337561964988708,
          -0.09842272847890854,
          0.6265706419944763,
          0.3940024673938751,
          0.9182541370391846,
          0.030506152659654617,
          -0.02531399205327034,
          1.0
        ],
        "n_obs_steps": 2,
        "timestamp": 